name,x1, x2, x3, x4
a,83.32626835420552,86.8229194858294,73.25170724595884,76.74835837758269
b,84.19667227950598,85.54304026457046,84.32675876089638,85.67312674596086
c,22.754235053974853,27.369296283516725,82.69249655421231,87.30755778375419
d,73.32627777196842,86.82291049046648,23.251716452614616,36.74834917111268
e,26.396546540345206,43.44183347561693,16.477320986317835,33.522607921589575
